geo,1961,1962,1963,1964,1965,1966,1967,1968,1969,1970,1971,1972,1973,1974,1975,1976,1977,1978,1979,1980,1981,1982,1983,1984,1985,1986,1987,1988,1989,1990,1991,1992,1993,1994,1995,1996,1997,1998,1999,2000,2001,2002,2003,2004,2005,2006,2007,2008,2009,2010,2011,2012,2013,2014,2015,2016
Afghanistan,,,,,,,,,,,,,,,,,,,,,,,,,,,,,,,,,,,,,,,,,,,3.34,-3.36,6.95,2.2,10.6,1.04,18,5.43,2.88,10.8,0.513,-0.527,-1.63,-0.349
Albania,,,,,,,,,,,,,,,,,,,,,3.65,0.796,-1.02,-3.31,-0.291,3.61,-2.75,-3.26,6.92,-11.2,-29.2,-6.64,10.3,8.97,14,9.78,-10.3,9.7,14.2,7.35,8.96,4.54,6.17,6.15,6.26,6.1,6.7,4.56,4.05,4.23,2.83,1.59,1.19,1.99,2.52,3.54
Algeria,-15.7,-21.6,31,3.16,3.42,-7.4,6.39,7.65,5.37,5.83,-13.8,24,1.01,4.57,2.14,5.35,2.28,6.08,4.34,-2.22,-0.129,3.13,2.16,2.39,0.612,-2.52,-3.51,-3.71,1.65,-1.75,-3.59,-0.547,-4.23,-2.91,1.85,2.31,-0.508,3.54,1.76,2.43,1.68,4.28,5.85,2.94,4.45,0.211,1.8,0.714,-0.102,1.76,0.93,1.32,0.696,1.73,1.79,1.43
Andorra,,,,,,,,,,,-0.604,2.79,2.67,1.01,-3.34,-0.181,-0.281,-1.44,-3.06,-1.33,-3.95,-2.93,-2.6,-2.6,-2.02,-1,1.33,0.97,0.802,-0.143,-1.37,-2.87,-4.41,-0.404,0.87,3.82,9.12,3.49,3.73,1.91,1.52,2.35,7.37,3.32,3.83,1.79,-2.01,-9.87,-4.38,-5.34,-3.85,-0.0397,2.39,4.3,2.4,2.19
Angola,,,,,,,,,,,,,,,,,,,,,,,,,,-0.137,5.04,2.89,-2.26,-3.12,-4.21,-9.88,-27.1,0.228,7.09,8.07,4.99,3.94,0.356,-0.0653,0.893,-10.1,1.6,6.99,14.1,16.5,18.3,9.83,-1.18,-0.219,0.274,1.48,3.11,1.21,-0.464,-3.95
Antigua and Barbuda,,,,,,,,,,,,,,,,,,3.74,7.78,8.29,4.35,0.768,6.55,11.6,9.1,13.1,8.14,6.45,5.93,2.91,1.25,-0.497,3.01,4.03,-6.83,3.77,2.61,1.96,1.2,4.45,-6.6,-0.392,4.81,4.58,5.22,11.4,7.97,-1.22,-13.1,-8.26,-3.16,2.38,-1.17,3.98,2.97,4.26
Argentina,3.75,-2.41,-6.77,8.46,8.93,-2.09,1.74,3.34,8.08,1.47,3.95,-0.0796,1.06,3.76,-1.65,-3.54,5.34,-5.9,8.6,2.59,-7.13,-6.43,2.25,0.619,-9.01,6.24,1.37,-3.99,-8.84,-3.79,11.1,10.4,4.49,4.47,-4.06,4.26,6.86,2.68,-4.46,-1.89,-5.47,-11.9,7.64,7.85,7.69,6.92,7.89,3,-6.88,8.99,4.9,-2.06,1.34,-3.51,1.62,-3.2
Armenia,,,,,,,,,,,,,,,,,,,,,,,,,,,,,,,-10.9,-40.7,-6.64,7.95,9.1,7.51,4.48,8.14,3.96,6.57,10.2,13.8,14.6,11.1,14.6,14.1,14.7,7.81,-13.6,2.6,4.76,6.96,2.89,3.15,2.82,-0.0695
Australia,0.456,-1.12,4.2,4.9,3.92,0.0539,4.96,3.25,4.83,5.08,0.546,2.02,1.04,1.49,0.0929,1.57,2.45,-0.268,2.94,1.8,1.73,1.61,-3.45,3.45,3.82,2.41,1.03,4.06,2.14,2.01,-1.64,-0.775,3.05,2.96,2.64,2.59,2.79,3.36,3.81,2.64,0.565,2.59,1.8,2.95,1.85,1.47,3.1,1.64,-0.265,0.431,0.96,1.8,0.782,1.05,0.933,1.24
Austria,4.96,2.02,3.47,5.42,2.81,4.9,2.24,3.93,5.91,6.09,4.65,5.59,4.31,3.77,-0.099,4.76,5.04,-0.13,5.54,1.73,-0.399,1.94,3.14,0.0576,2.45,2.24,1.29,3.15,3.42,3.55,2.41,0.976,-0.299,2.01,2.51,2.26,2.09,3.45,3.39,3.12,0.963,1.16,0.267,2.07,1.45,2.84,3.29,1.23,-4.05,1.68,2.58,0.222,-0.557,0.0945,0.0193,0.309
Azerbaijan,,,,,,,,,,,,,,,,,,,,,,,,,,,,,,,-2.23,-23.8,-24.3,-20.8,-12.8,0.282,4.78,8.96,6.46,10.2,9.05,9.78,10.4,9.24,25.1,33,23.6,8.47,7.16,3.61,-1.23,0.851,4.44,0.735,-0.0972,-4.18
Bahamas,5.3,5,5.1,5.24,5.41,4.37,5.11,4.31,5.25,-8.49,-1.01,-5.65,5.4,-18.4,-16.5,2.99,6.82,11.7,23.4,4.16,-11.2,4.34,1.34,11.8,2.74,-0.0948,1.18,0.58,4.92,-3.32,-5.94,-5.64,-1.55,1.38,2.79,2.89,0.931,3.6,5.86,2.64,0.85,0.704,-3.33,-1.24,1.28,0.508,-0.479,-4.1,-5.85,-0.135,-0.962,1.56,-1.94,-2.52,-4.24,-0.959
Bahrain,,,,,,,,,,,,,,,,,,,,,-8.92,-10.4,3.56,2.23,-7.53,-2.1,6.59,3.27,-2.95,1.31,8.21,3.97,10.1,-2.68,1.33,1.42,0.275,1.58,0.557,0.853,-2.35,-1.69,0.0927,0.389,-0.354,-1.22,0.193,-1.26,-3.56,-0.36,-1,1.98,4.2,2.71,0.203,
Bangladesh,3.08,2.48,-3.3,7.68,-1.5,-0.704,-5.08,6.01,-1.71,2.97,-7.44,-15.5,1.68,7.72,-6,3.21,0.0328,4.14,1.89,-1.95,4.35,-0.58,1.14,2.04,0.606,1.41,1.03,-0.253,0.232,3.05,1.07,3.08,2.43,1.67,2.89,2.31,2.31,3.02,2.58,3.25,3.1,1.94,2.92,3.54,4.96,5.25,5.77,4.83,3.89,4.4,5.25,5.28,4.77,4.84,5.37,5.96
Barbados,,,,,,,,,,,,,,,,,,,,,,,,,,,,,,,-4.23,-6.03,0.453,1.64,1.66,3.58,4.35,3.35,-0.0367,4.1,-2.67,0.497,1.88,1.1,3.62,5.27,1.35,-0.0272,-4.44,-0.129,0.0861,-0.0693,-0.318,-0.291,0.609,1.76
Belarus,,,,,,,,,,,,,,,,,,,,,,,,,,,,,,,-1.25,-9.79,-7.81,-11.6,-10.1,3.14,11.9,8.92,3.84,6.3,5.26,5.72,7.79,12.2,10.1,10.7,9.1,10.6,0.424,7.98,5.74,1.82,1.01,1.63,-3.98,-2.77
Belgium,4.63,4.79,3.57,5.95,2.62,2.46,3.29,3.79,6.33,5.49,3.8,4.88,6.05,4.24,-2.25,5.46,0.502,2.75,2.25,4.33,-0.277,0.622,0.32,2.47,1.62,1.79,2.22,4.39,3.09,2.83,1.46,1.12,-1.35,2.91,2.17,1.4,3.46,1.76,3.33,3.38,0.465,1.33,0.354,3.19,1.53,1.83,2.69,-0.00985,-3.04,1.81,0.396,-0.49,-0.288,1.11,0.819,0.891
Belize,1.97,2,2.04,2.04,1.91,1.68,1.8,4.25,2.29,2.3,1.78,8.18,3.6,11.8,2.07,-1.43,5.06,6.39,5.74,12.9,-1.05,-2.87,-4.82,-0.919,-1.74,1.71,8.18,6.36,10.4,8.22,8.43,10.2,4.5,-1.86,-1.93,-1.76,-0.16,-0.168,4.8,9.25,1.86,2.22,6.51,2.01,-0.0241,1.9,-1.49,0.613,-1.78,0.857,-0.248,1.51,-0.888,1.29,0.698,-2.67
Benin,1.71,-4.86,3.08,4.87,3.44,1.65,-0.886,1.75,0.746,-0.0645,-3.62,4.08,1.37,0.949,-7.16,-1.59,2.35,-1.35,3.75,3.95,6.99,-0.565,-7.01,4.9,4.47,-0.752,-4.34,0.361,-5.82,5.51,0.765,-0.563,2.2,-1.42,2.61,1.09,2.58,0.93,2.28,2.75,2.19,1.51,0.347,1.34,-1.25,0.978,3,1.97,-0.515,-0.709,0.116,1.92,4.24,3.44,-0.698,1.15
Bhutan,,,,,,,,,,,,,,,,,,,,,10.9,0.854,8.59,1.75,1.21,8.08,24.2,1.57,4.8,9.43,-0.409,5.73,3.63,6.3,7.41,4.67,3.49,3.3,5,3.97,5.23,7.66,4.72,3.11,4.45,4.37,15.4,2.68,4.64,9.71,6.02,3.33,0.541,4.18,5.12,6.59
Bolivia,0.145,3.55,4.37,2.76,3.56,4.39,4.78,-13.9,1,-2.53,2.9,5.73,3.53,0.763,5.02,2.36,2.69,-0.172,-2.04,-3.5,-1.87,-5.97,-6.05,-2.26,-3.67,-4.52,0.453,0.911,1.78,2.6,3.21,-0.337,2.23,2.62,2.63,2.32,2.91,3,-1.49,0.58,-0.194,0.626,0.88,2.35,2.62,3.01,2.81,4.4,1.67,2.45,3.53,3.47,5.14,3.84,3.27,2.7
Bosnia and Herzegovina,,,,,,,,,,,,,,,,,,,,,,,,,,,,,,,,,,,24.1,92.1,35.4,15.7,9.35,5.29,4.27,5.17,3.91,6.04,8.75,5.44,5.88,5.87,-2.55,1.53,1.86,0.281,3.58,2.26,3.95,3.62
Botswana,3.83,4.03,3.2,3.99,2.91,3.33,2.82,7.23,11.6,13.4,21.8,22.2,17.3,5.03,4.54,6.52,7.73,9.94,7.89,7.85,5.15,8.26,9.32,4.99,3.72,4.85,8.56,16,9.87,3.81,4.51,0.153,-0.734,1.06,4.54,3.52,5.81,-1.21,7.72,0.307,-1.27,4.58,3.21,1.3,3.06,6.73,6.57,4.5,-9.22,6.68,4.16,2.56,9.29,2.23,-3.51,2.39
Brazil,7.1,2.16,-2.04,0.535,0.179,1.31,2.12,8.52,6.93,6.04,8.56,9.35,11.3,6.46,2.72,7.2,2.15,0.811,4.27,6.57,-6.61,-1.73,-5.59,2.96,5.66,5.79,1.57,-2,1.39,-4.83,-0.241,-2.13,2.95,3.64,2.75,0.586,1.77,-1.21,-1.04,2.61,-0.0151,1.68,-0.151,4.47,2,2.81,4.95,4.03,-1.11,6.49,2.99,0.969,2.06,-0.384,-4.59,-4.38
Brunei,,,,,,,,,,,,,,,-3.72,15.5,6.76,2.96,18.4,-10,-22.3,0.909,-2.34,-2.21,-4.25,-5.44,-0.846,-1.73,-3.85,-1.75,0.245,1.82,-2.47,0.376,1.78,0.344,-3.79,-2.8,0.82,0.704,0.667,1.85,1,-1.21,-1.16,2.96,-1.08,-3.07,-2.92,1.31,2.34,-0.535,-3.57,-3.77,-1.96,-3.77
Bulgaria,,,,,,,,,,,,,,,,,,,,,4.55,2.03,3.17,3.15,2.68,4.24,5.9,10.8,-2.15,-7.46,-7.53,-6.27,-0.691,2.16,3.32,2.13,-0.496,4.19,-5.08,5.53,6.34,8.34,5.91,7.36,8.05,7.57,8.47,4.37,-2.96,1.99,2.57,0.612,1.43,1.91,4.28,4.67
Burkina Faso,2.66,4.72,-2.59,0.857,2.24,-1.02,7.06,1.34,0.289,-1.6,-0.337,0.524,-1.33,6.32,1.08,6.47,-1.59,2.5,1.48,-1.44,1.83,6.91,-2.15,-4.26,5.76,5.19,-2.8,3.06,-0.511,-3.21,6.19,-2.43,0.696,-1.41,2.85,7.99,3.4,4.34,4.42,-1.03,3.61,1.39,4.72,1.46,5.49,3.12,2.52,4.1,-0.107,2.24,3.47,3.31,2.68,1.28,0.885,2.87
Burundi,-15.4,7.03,2.15,4.12,1.7,2.13,11,-2.77,-3.65,19.1,1.29,-7.42,5.86,-1.83,-0.753,5.98,9.09,-3.28,-0.857,-1.55,9.34,-3.57,1.03,-2.53,8.67,0.275,2.41,2,-1.42,0.912,2.6,-1.11,-8.03,-5.47,-9.32,-9.2,-2.73,3.49,-2.47,-2.74,-0.359,1.57,-4.23,1.49,-2.37,1.92,1.3,1.56,0.0951,0.496,1.01,0.937,1.54,1.58,-6.82,-3.64
Cambodia,,,,,,,,,,,,,,,,,,,,,,,,,,,,,,,,,,5.43,3.06,2.28,2.67,2.28,9.22,6.36,5.97,4.62,6.66,8.56,11.5,9.09,8.58,5.12,-1.4,4.34,5.38,5.58,5.67,5.33,5.33,5.29
Cameroon,-0.902,0.853,1.48,1.24,-0.296,2.19,-13,3.78,2.33,0.517,0.852,0.0233,2.59,7.78,8.22,-8.11,10.5,18.5,2.96,-4.85,13.6,4.28,3.63,4.2,4.75,3.49,-5.15,-10.6,-4.76,-8.86,-6.56,-5.82,-10.5,-0.609,0.769,1.71,2.61,1.93,1.71,0.961,1.72,1.56,1.85,3.98,-0.683,0.69,2.07,0.688,-0.565,0.637,1.34,1.76,2.61,3.1,2.9,1.76
Canada,1.12,5.14,3.24,4.71,4.72,4.62,1.08,3.61,3.84,1.82,2.57,3.78,5.17,1.85,-0.0851,3.82,2.25,2.92,2.77,0.85,2.23,-4.36,1.57,4.91,3.77,1.14,2.74,3.09,0.515,-1.33,-3.45,-0.348,1.54,3.49,1.83,0.522,3.18,2.99,4.3,4.26,0.749,2.09,0.793,2.06,2.19,1.81,1.08,-0.0868,-4.05,1.94,2.13,0.552,1.3,1.75,0.163,0.206
Cape Verde,,,,,,,,,,,,,,,,,,,,,6.61,0.859,7.32,1.76,6.69,1.23,2.8,4.46,3.96,-1.28,-0.929,8.11,5.78,16,11.3,8.65,8.56,10.1,8.88,12,0.242,3.3,2.36,8.43,5.36,6.58,13.8,5.5,-2.31,0.372,2.81,-0.0808,-0.385,-0.599,-0.162,2.64
Central African Republic,3.19,-5.41,-2.53,0.138,-1.03,-1.39,2.5,-0.718,4.89,0.291,-0.816,-1.88,-0.0324,4.26,-1.68,3.13,1.44,-1.22,-4.94,-7.04,-4.35,4.51,-10.9,6.38,1.23,1.17,-6.95,-0.351,-0.168,-4.38,-3.02,-8.88,-2.36,2.12,4.48,-6.32,2.86,2.37,1.37,-4.53,2.36,1.62,-7.16,4.08,-0.873,2.93,2.8,0.42,0.35,2.02,2.66,3.78,-36.8,0.688,4.09,3.43
Chad,-0.549,3.31,-3.53,-4.4,-1.31,-3.63,-1.07,-2.29,4.81,-0.242,-4.41,-1.21,-10.6,2.55,6.65,0.9,0.27,-2.34,-23,-7.95,-1.11,3,13,-0.525,18.5,-6.85,-5.37,11.8,1.54,-7.22,5.13,4.62,-18.4,6.62,-2.07,-1.18,2.1,3.29,-4.17,-4.45,7.53,4.41,10.4,28.7,13.2,-2.78,-0.122,-0.262,0.875,9.88,-3.19,5.31,2.25,3.47,-1.4,-9.85
Chile,2.93,1.74,3.53,0.326,-1.23,8.85,1.41,1.43,1.84,-0.147,7.39,-2.79,-6.66,0.679,-14.3,2.2,8.76,6.08,6.8,6.36,4.92,-12.4,-6.48,2.47,2.34,3.65,4.68,5.54,8.09,1.65,6.08,9.43,4.96,3.47,7.37,5.32,5.99,2.97,-1.66,4.04,2.08,1.93,2.93,6.04,4.61,5.19,3.81,2.47,-2.54,4.82,5.12,4.37,3.13,1.04,1.4,0.755
China,-26.5,-6.35,7.62,15.5,14.2,7.61,-8.16,-6.57,13.8,16.1,4.16,1.29,5.33,0.218,6.82,-3.08,6.11,10.2,6.17,6.46,3.83,7.34,9.25,13.6,11.9,7.33,9.91,9.46,2.6,2.39,7.81,12.8,12.6,11.8,9.75,8.78,8.12,6.81,6.74,7.64,7.56,8.4,9.35,9.46,10.7,12.1,13.6,9.09,8.86,10.1,9.01,7.33,7.23,6.76,6.36,6.11
Colombia,2.15,2.35,-0.139,3.46,-0.0129,2.24,1.16,3.4,3.62,4.19,3.37,5.19,4.35,3.41,-0.0192,2.47,1.81,6.02,3.01,1.75,-0.0364,-1.32,-0.674,1.1,0.889,3.64,3.24,2,1.42,4.04,0.387,3.14,0.566,4.03,3.46,0.428,1.83,-0.939,-5.61,2.91,0.227,1.07,2.49,3.92,3.35,5.36,5.6,2.33,0.5,2.84,5.47,2.99,3.85,3.41,2.12,1.07
Comoros,,,,,,,,,,,,,,,,,,,,,0.668,3.34,1.97,1.29,-0.561,-1.04,-1.3,-0.306,-6.01,2.04,-8.14,5.4,0.0653,-7.94,0.751,-3.96,1.27,-1.36,-0.671,8.09,-0.158,-0.117,-0.3,-0.472,0.416,0.222,-1.59,-1.98,-0.476,-0.236,0.149,0.539,1.04,-0.342,-1.33,-0.135
"Congo, Dem. Rep.",-13.1,18.2,2.53,-4.99,-1.71,3.83,-3.77,1.38,6.26,-2.99,3.15,-2.49,5.3,0.392,-7.56,-7.95,-2.1,-8.03,-2.34,-0.502,-0.231,-2.89,-1.04,2.94,-2.09,1.98,-0.0728,-2.36,-4.28,-9.67,-11.7,-13.9,-16.8,-7.34,-2.5,-3.74,-7.9,-3.84,-6.48,-9.24,-4.77,-0.0298,2.38,3.43,2.81,1.98,2.85,2.78,-0.5,3.57,3.36,3.64,4.9,5.9,3.45,-0.903
"Congo, Rep.",5.61,2.49,-6.55,1.05,0.884,-1.39,-0.683,4.64,4.49,3.27,4.55,5.33,4.94,4.62,4.52,-2.04,-11.6,3.32,6.68,14.3,14.2,20,2.8,3.93,-3.96,-9.43,-2.53,-0.972,-0.15,-1.71,-0.353,-0.146,-3.65,-8.06,1.13,1.39,-3.42,0.812,-5.31,4.6,0.983,1.78,-1.93,0.523,4.49,2.8,-4.9,2,3.98,5.45,0.532,1.1,0.871,4.16,0.0874,-4.36
Costa Rica,-4.46,4.32,1.12,0.59,6.2,4.42,2.38,5.15,2.56,4.56,3.99,5.47,5.08,2.97,-0.423,2.86,6.13,3.53,2.21,-1.89,-4.84,-9.75,0.132,3.41,-1.57,3.11,4.23,1.27,2.48,1.32,-0.00087,6.45,4.41,1.9,1.59,-1.18,3.1,4.56,1.75,1.71,1.64,1.6,2.67,2.81,2.38,5.72,6.67,3.23,-2.27,3.64,3.06,3.59,1.13,2.54,3.63,3.27
Cote d'Ivoire,5.91,-2.64,10,13.1,-6.78,7.46,0.798,8.41,5.32,5.86,4.72,-0.45,1.07,-0.495,3.28,7.79,2.49,5.98,-2.1,-14.8,-0.924,-4.01,-7.86,-6.6,0.448,-0.608,-3.96,-2.45,-0.66,-4.55,-3.44,-3.68,-3.56,-2.49,3.76,4.46,0.716,2.03,-0.974,-4.34,-1.96,-3.52,-3.1,-0.559,-0.157,-0.456,-0.296,0.376,0.981,-0.307,-6.65,8,6.17,6.07,6.12,5.65
Croatia,,,,,,,,,,,,,,,,,,,,,,,,,,,,,,,,,,,,10,4.83,3.47,-2.09,6.77,3.11,5.25,5.56,4.11,4.09,4.83,5.24,2.09,-7.27,-1.45,2.91,-1.89,-0.788,-0.0856,3.09,3.7
Cuba,,,,,,,,,,,6.69,3.02,1.74,-0.526,8.05,4.26,7.69,5.75,0.407,-5.41,19.1,8.46,4.98,7.39,0.932,-0.742,-3.37,2.61,-0.347,-3.83,-11.4,-12.2,-15.4,0.193,1.94,7.3,2.29,-0.295,5.75,5.53,2.85,1.14,3.54,5.56,11,11.9,7.19,4.06,1.37,2.26,2.61,2.77,2.48,0.804,4.24,
Cyprus,,,,,,,,,,,,,,,,21.2,16.3,7.38,9.05,4.61,0.829,4.77,4.72,7.36,3.62,2.52,5.91,7.5,6.42,5.14,-1.83,6.53,-1.7,3.73,6.52,-0.269,1.12,3.95,3.66,4.61,2.49,2.22,1.24,3.18,2.24,2.78,2.61,1.29,-4.37,-1.3,-2.21,-4.52,-5.72,-0.313,2.56,2.56
Czech Republic,,,,,,,,,,,,,,,,,,,,,,,,,,,,,,,-11.4,-0.608,-0.042,2.87,6.29,4.34,-0.487,-0.234,1.54,4.56,3.3,1.85,3.63,4.87,6.39,6.56,4.99,1.83,-5.34,1.98,1.57,-0.939,-0.517,2.61,5.1,2.4
Denmark,5.64,4.85,-0.153,8.4,3.74,1.92,2.61,3.34,5.74,1.97,2.29,3.34,3.47,-1.58,-1.74,5.66,1.55,1.91,3.61,-0.604,-0.638,3.76,2.67,4.22,3.96,4.76,0.127,-0.0622,0.585,1.31,1.13,1.62,-0.322,4.98,2.49,2.32,2.83,1.85,2.61,3.4,0.463,0.146,0.117,2.4,2.06,3.57,0.463,-1.09,-5.41,1.42,0.92,-0.15,0.513,1.11,0.891,1.17
Djibouti,,,,,,,,,,,,,,,,,,,,,,,,,,,,,,,-6.87,-1.35,-7.14,-1.55,-4.72,-6.1,-3.34,-2.79,-0.665,-2.03,-0.059,0.761,1.51,2.19,1.52,3.09,3.39,4.06,3.29,1.75,2.68,3.03,3.18,4.2,4.75,
Dominica,,,,,,,,,,,,,,,,,,10.5,-19.2,13.7,12,4.42,3.27,6.18,2.07,7.98,8.49,9.51,0.457,5.72,0.727,1.86,1.34,1.2,1.98,2.96,2.05,5.67,1.24,0.702,0.482,-1.97,7.27,2.83,-0.439,2.67,6.11,6.93,-1.38,0.375,-0.618,-1.52,-1.1,3.89,-3.06,2.11
Dominican Republic,-5.53,13.2,3.07,3.37,-15.2,9.99,0.228,-2.71,7.7,14.9,7.81,7.41,9.91,3.26,2.53,4.08,2.44,-0.285,2.09,5.49,1.92,-0.564,2.34,-0.927,-4.19,1.37,7.87,0.104,2.33,-7.31,-1.01,8.4,5.21,0.435,3.63,5.31,6.23,5.3,5.03,4.01,0.235,4.17,-1.76,-0.193,7.67,9.09,7.19,1.79,-0.41,6.89,1.77,1.5,3.45,6.32,5.79,5.44
Ecuador,-1.31,1.6,0.922,4.73,1.71,-3.21,1.61,-1.02,1.67,3.83,3.29,2.08,10.8,8.16,7.97,4.52,-1.08,2.95,1.06,1.06,2.94,-1.9,-2.81,0.0952,1.38,0.933,-2.69,3.33,-1.41,1.24,1.87,-0.22,-0.313,1.97,0.0708,-0.383,2.21,1.24,-6.54,-0.749,2.2,2.35,1.04,6.45,3.56,2.67,0.478,4.57,-1.1,1.84,6.14,3.98,3.33,2.21,-1.4,-3.02
Egypt,1.59,4,6.17,5.3,2.4,-1.56,-1.96,0.126,4.19,3.1,1.08,-0.225,-1.48,0.255,6.53,12.1,10.3,3.32,3.52,7.34,1.19,7.15,4.66,3.32,3.77,-0.143,-0.298,2.44,2.24,3.11,-1.23,2.2,0.818,1.94,2.64,3.02,3.55,2.14,4.17,3.44,1.62,0.448,1.25,2.16,2.58,4.97,5.23,5.28,2.76,3.09,-0.341,-0.0143,-0.0836,0.668,2.18,2.22
El Salvador,,,,,,4.15,2.53,0.445,0.735,0.286,1.19,3.46,2.31,2.86,0.596,2.77,4.55,3.24,-5.96,-13.3,-11.9,-7.7,0.112,-0.0319,-0.718,-1.12,1.2,0.577,-0.34,3.45,2.18,6.08,5.92,4.69,5.14,0.615,3.23,2.83,2.62,1.41,1.05,1.75,1.76,1.35,3.08,3.44,3.38,0.829,-3.56,0.916,1.76,1.41,1.37,0.934,1.79,1.85
Equatorial Guinea,,,,,,,,,,,,,,,,,,,,,-0.00268,-5.03,-2.96,-6.04,6.36,-6.78,0.65,-0.446,-4.05,-4.68,-4.12,30.4,7.39,12.7,13.4,60.5,141,19,20.7,13.5,56.9,14.7,9.33,32.2,11.7,2.96,10.1,12.5,-3.19,-12.9,1.9,3.69,-8.13,-3.65,-12.6,-12.4
Eritrea,,,,,,,,,,,,,,,,,,,,,,,,,,,,,,,,,14.2,21.8,2.7,8.34,6.37,-0.212,-2.35,-5.73,5.51,-0.343,-5.87,-1.71,-0.278,-3.35,-0.69,-11.5,2,0.32,6.64,,,,,
Estonia,,,,,,,,,,,,,,,,,,,,,,,,,,,,,,,,,,,,6.89,13.1,5.12,-1.15,10,7.01,6.75,8.09,6.93,10,10.9,8.24,-5.17,-14.6,2.49,7.92,4.68,2.3,3.16,1.61,2.03
Ethiopia,,,,,,,,,,,,,,,,,,,,,,-1.85,4.99,-5.88,-13.9,6.22,10.3,-2.71,-3.64,-0.751,-10.4,-11.9,9.16,-0.344,2.65,8.92,0.0534,-6.25,2.16,3.05,5.21,-1.37,-4.92,10.4,8.75,7.85,8.5,7.88,5.96,9.62,8.28,5.83,7.73,7.45,7.62,4.9
Fiji,0.0166,0.062,2.79,1.56,-5.52,-2.61,10.7,5.54,0.429,10.3,4.66,5.26,9.34,0.554,-1.42,0.826,4,0.0102,10,-3.73,3.77,-8.4,-6.37,6.08,-6.13,6.72,-7.03,0.789,7.19,5.22,-3.61,4.81,0.71,3.64,1.2,3.6,-3.23,0.356,7.97,-2.27,1.62,3.01,0.884,5.08,0.276,1.16,-1.73,0.0111,-2.38,2,1.86,0.656,4.01,4.88,3.11,-0.358
Finland,6.85,2.28,2.56,4.65,4.95,1.99,1.62,1.85,9.66,5.73,2.23,7.1,6.38,2.7,1.35,0.0423,-0.0405,2.62,6.85,5.06,0.864,2.51,2.51,2.66,3.11,2.39,3.27,4.9,4.71,0.23,-6.43,-3.87,-1.21,3.49,3.81,3.32,5.94,5.15,4.2,5.42,2.35,1.43,1.75,3.62,2.43,3.66,4.74,0.253,-8.71,2.52,2.1,-1.89,-1.21,-1.04,-0.194,1.84
France,4.1,5.18,3.87,5.13,3.57,4.2,3.85,3.53,6.24,4.92,4.45,3.6,5.35,3.44,-1.66,3.76,3.03,3.63,3.22,1.2,0.632,2.01,0.72,0.959,1.04,1.75,1.95,4.09,3.73,2.33,0.959,1.1,-1.04,1.97,1.72,1.03,1.98,3.18,2.88,3.17,1.22,0.386,0.107,2.03,0.845,1.66,1.73,-0.363,-3.44,1.46,1.59,-0.301,0.06,0.44,0.624,0.782
Gabon,13.6,6.26,4.77,3.05,6.56,2.57,2,0.326,5.8,6.47,8.13,9.27,8.15,36.8,16.8,32.8,-14.5,-25.8,-1.9,0.0739,2.5,-5.53,2.9,4.71,-4.92,-3.47,-19.4,9.77,5.6,2.37,3.29,-5.64,1.24,1.05,2.32,1.03,3.12,0.925,-11.2,-4.3,-0.384,-2.73,-0.35,-1.97,-0.172,-5.61,2.85,-6.28,-3.05,3.6,3.5,1.67,2.12,1.06,0.948,-0.301
Gambia,,,,,,,-1.96,7.21,0.0173,3.43,-2.87,-2.79,5.83,2.6,9.04,4.28,0.551,3.32,-4.25,2.89,-0.154,-4.25,6.76,-0.58,-5.01,-0.593,-2.33,-0.347,1.32,-0.47,-0.442,0.189,0.0863,-2.6,-1.9,-0.618,1.97,0.578,3.33,2.38,2.58,-6.26,3.49,3.65,-4.07,-2.05,0.393,2.44,3.14,3.22,-7.27,2.33,1.57,-2.18,1.15,-0.838
Georgia,,,,,,6.31,5.21,3.51,3.8,11,1.41,1.8,5.55,7.87,6.59,5.34,6.17,6.8,6.58,3.7,4.41,1.14,3.39,4.53,4.03,-8.99,0.449,4.52,-7.44,-14.8,-21.7,-45.3,-29.8,-9.49,5.37,14,12.6,4.12,3.67,2.63,5.57,6.19,12.5,7.25,11,10.8,13.8,3.63,-2.39,7.66,8.63,7.74,4.73,6,3.15,2.79
Germany,,,,,,,,,,,2.94,3.8,4.45,0.851,-0.496,5.4,3.58,3.1,4.1,1.2,0.376,-0.3,1.84,3.18,2.56,2.24,1.25,3.3,3.1,4.35,4.35,1.15,-1.61,2.1,1.44,0.526,1.7,1.96,1.92,2.82,1.52,-0.168,-0.765,1.19,0.764,3.82,3.4,1.27,-5.38,4.24,5.6,0.304,0.216,1.51,0.866,0.953
Ghana,0.202,0.892,1.29,-0.646,-1.22,-6.45,0.946,-1.63,3.78,7.18,2.47,-5.24,-0.0483,4.02,-14.5,-5.38,0.604,6.75,-4.33,-1.87,-6.24,-9.93,-7.83,4.98,1.74,2.08,1.86,2.79,2.28,0.543,2.4,1.03,2,0.556,1.44,2.01,1.69,2.22,1.91,1.17,1.41,1.86,2.51,2.88,3.17,3.65,1.65,6.35,2.19,5.22,11.3,6.7,4.81,1.61,1.58,1.29
Greece,10.3,0.93,9.73,7.87,8.88,5.32,4.63,5.97,9.5,7.71,7.37,9.45,7.6,-6.78,5.37,5.21,1.61,5.87,2,-0.307,-2.43,-1.74,-1.65,1.5,2.11,0.186,-2.59,3.91,3.26,-1.05,1.87,-0.0663,-2.18,1.49,1.62,2.41,3.97,3.32,2.68,3.5,3.59,3.54,5.54,4.8,0.305,5.34,3.01,-0.599,-4.55,-5.6,-9,-6.8,-2.54,1.41,0.368,0.222
Grenada,,,,,,,,,,,,,,,,,,6.66,6.2,-1.02,-0.222,1.31,0.508,0.987,4.42,6.94,9.94,4.35,5.05,4.65,1.21,-1.61,-3.06,0.568,1.26,3.88,4.68,11.5,6.77,4.71,-2.25,3.18,9.17,-0.919,13,-4.28,5.79,0.615,-6.94,-0.873,0.383,-1.54,1.94,6.89,5.98,3.21
Guatemala,1.28,0.565,6.41,1.65,1.38,2.49,1.14,5.67,1.79,2.77,2.69,4.42,3.93,3.59,-0.665,4.69,5.16,2.45,2.18,1.23,-1.82,-5.9,-4.96,-1.95,-2.99,-2.21,1.14,1.5,1.56,0.728,1.26,2.41,1.52,1.64,2.57,0.654,2.05,2.67,1.53,1.27,-0.0205,1.45,0.139,0.763,0.902,3.01,3.95,1.02,-1.65,0.661,1.94,0.798,1.54,2.03,2.03,1.02
Guinea,,,,,,,,,,,,,,,,,,,,,,,,,,,0.388,2.99,0.115,-0.346,-2.75,-2.6,-0.886,-1.28,0.263,1.1,2.59,1.63,2.01,0.702,1.78,3.25,-0.627,0.395,0.981,0.405,4.24,1.86,-3.71,2.04,3.19,3.6,1.64,1.35,1.06,4.01
Guinea-Bissau,,,,,,,,,,,-5.82,4.19,-0.867,2.84,6.53,4.18,-7.48,12.9,1.48,-16.8,16.2,1.93,-5.82,6.28,1.55,-3.17,0.502,2.2,3.66,3.61,2.58,-1.34,-0.317,0.886,2.24,9.49,4.63,-29.3,-0.702,3.52,0.231,-2.98,-1.54,0.544,1.96,0.00445,0.829,0.776,0.819,2.14,5.36,-4.23,0.594,-1.62,3.45,3.13
Guyana,1.59,-1.73,-14.6,8.69,8.16,3.23,2.56,-0.488,5.52,2.9,1.85,-4.42,0.14,6.55,7.32,0.425,-3.7,-2.79,-2.61,1.23,1.29,-13.1,-6.52,-4.57,3.04,-0.126,1.83,-2.82,-4.3,-2.73,5.85,7.28,7.45,7.83,4.58,7.8,6.42,-1.38,3.33,-1.12,2.39,1.1,-1,3.32,-1.86,5.32,7.27,2.19,3.64,4.02,4.84,4.72,4.33,3.18,2.37,2.72
Haiti,,,,,,,,,,,,,,,,,,,,,,,,,,,,,,,,,,,,,0.851,0.369,0.927,-0.838,-2.68,-1.86,-1.22,-5.03,0.22,0.662,1.75,-0.695,1.54,-6.88,4.01,1.44,2.81,1.44,-0.0984,0.166
Honduras,-0.951,2.86,0.728,2.49,5.97,2.37,2.93,3.5,-2.28,0.608,0.967,2.68,4.71,-4.14,-0.914,7.17,7.04,6.66,1.48,-2.39,-0.566,-4.36,-3.89,1.24,1.11,-2.22,2.96,1.6,1.34,-2.76,0.324,2.65,3.26,-4.04,1.21,0.792,2.19,0.19,-4.44,3.04,0.133,1.18,2.01,3.72,3.62,4.19,3.89,2.05,-4.4,1.71,1.89,2.24,0.985,1.29,1.89,1.88
Hungary,,,,,,,,,,,,,,,,,,,,,,,,,,,,,,,,-3.03,-0.463,3.09,1.63,0.186,3.55,4.48,3.48,4.48,4.08,4.83,4.15,5.24,4.6,4.01,0.59,1.03,-6.46,0.91,1.95,-1.13,2.38,4.51,3.61,2.52
Iceland,-2.01,6.32,8.34,7.98,5.53,6.91,-2.85,-6.76,1.43,8.8,12.2,4.63,5.21,4.29,-0.633,4.91,8.02,5.19,3.84,4.63,3.08,0.798,-3.44,3.03,2.48,5.49,7.36,-1.64,-0.976,0.386,-1.37,-4.58,0.288,2.71,-0.425,4.22,4.06,5.43,2.75,3.26,2.46,-0.577,1.73,7.15,5.03,2.56,6.62,-0.351,-7.26,-3.01,1.65,0.782,3.33,1.07,3.23,6
India,1.68,0.872,3.85,5.26,-4.63,-2.11,5.6,1.23,4.27,2.86,-0.627,-2.82,0.918,-1.15,6.65,-0.651,4.83,3.33,-7.38,4.31,3.58,1.1,4.84,1.47,2.91,2.48,1.72,7.3,3.74,3.37,-0.983,3.39,2.71,4.6,5.53,5.53,2.12,4.24,6.89,2.02,3.02,2.06,6.09,6.19,7.57,7.58,8.15,2.38,6.95,8.76,5.25,4.13,5.1,6.23,6.76,5.88
Indonesia,2.99,-0.821,-4.81,0.792,-1.61,0.0403,-1.34,7.94,3.98,4.71,4.22,4.26,5.33,4.91,2.36,4.27,6.14,4.23,4.8,7.32,5.43,-0.0879,1.86,4.65,0.316,3.74,2.89,3.8,5.51,5.35,5.07,4.71,4.76,5.84,6.56,6.22,3.2,-14.3,-0.609,3.47,2.21,3.06,3.34,3.59,4.25,4.07,4.91,4.59,3.24,4.83,4.79,4.68,4.24,3.73,3.64,3.83
Iran,7.57,5.14,4.29,5.67,14,8.59,8.32,11.4,12.5,8.01,10.7,11.5,4.56,2.87,-3.2,14.7,-5.77,-15.7,-15,-24.5,-9.33,18.3,6.6,-10.9,-2.15,-13.3,-3.96,-9.41,2.84,10.7,10.5,1.73,-2.69,-2.91,0.963,4.61,-0.472,0.179,0.181,4.13,0.92,6.67,7.33,3.13,2.01,3.81,6.95,-0.87,-0.147,4.55,1.39,-8.61,-1.46,3.3,-2.5,12.1
Iraq,,,,,,,,,-0.255,1.04,1.9,0.369,1.07,12.4,8.91,13.5,-1.31,13.4,17.2,21.1,-3.51,0.627,-15.3,-3.95,-0.962,2.28,6.93,-2.19,-5.33,53.9,-65,28.9,26.5,0.753,-0.968,7.63,17.5,30.7,14,-1.55,-0.59,-9.47,-34.9,50.1,1.73,7.42,-1.1,5.55,0.671,3.4,4.28,10.3,3.09,-2.53,1.58,7.76
Ireland,,,,,,,,,,,2.27,4.92,3.06,2.55,3.93,-0.124,6.76,5.68,1.71,1.9,2.12,1.32,-0.949,3.71,2.92,-0.474,4.65,5.67,6.23,8.38,1.35,2.64,2.18,5.34,9.07,6.96,9.19,7.37,9.38,8.11,4.13,4.53,1.45,4.75,3.72,2.71,2.21,-5.87,-5.59,1.25,2.61,-0.183,1.39,7.88,24.8,2.86
Israel,7.59,4.97,6.69,3.75,5.35,-2.59,-1.36,13.8,10.6,3.81,1.89,9.33,1.4,3.35,0.912,-1.89,-1.2,3.35,3.51,-0.742,3.26,0.183,1.5,-0.377,2.22,2.59,5.42,1.22,-1.12,4.05,1.44,4.1,1.39,4.68,3.8,2.59,1.1,1.81,1.01,5.35,-2.3,-1.84,-1.04,2.74,2.31,3.37,3.91,1.17,-1.01,3.32,2.74,0.0778,2.19,1.44,1.02,2.07
Italy,7.49,5.49,4.84,1.96,2.4,5.16,6.41,5.87,5.5,4.71,1.34,3.1,6.4,4.81,-2.67,6.59,2.13,2.87,5.65,3.22,0.723,0.339,1.13,3.2,2.77,2.85,3.18,4.14,3.31,1.9,1.47,0.766,-0.913,2.13,2.89,1.26,1.78,1.59,1.54,3.66,1.72,0.0994,-0.293,0.927,0.455,1.7,0.963,-1.7,-5.91,1.37,0.404,-3.08,-2.86,-0.801,1.05,1.03
Jamaica,,,,,,,0.521,4.44,4.22,10.5,0.917,16.1,-7.02,-5.73,-1.72,-7.94,-3.79,-1.25,-2.31,-7.04,1.03,0.346,0.191,-3.05,-4.18,0.887,7.05,3.36,6.54,3.49,4,1.06,8.39,0.404,1.37,-1.07,-2.09,-3.25,0.146,0.0441,0.582,1.3,3.01,0.72,0.309,2.32,0.877,-1.33,-4.81,-1.93,1.29,-1.03,0.118,0.321,0.547,1.04
Japan,9.16,7.9,7.38,10.5,4.69,9.63,10.1,12.5,10.2,-2.13,3.36,6.91,7.14,-3.09,1.45,3.21,3.39,4.32,4.6,2.01,3.41,2.68,2.36,3.8,5.69,2.21,3.6,6.69,4.94,5.21,3,0.569,-0.0759,0.521,2.35,2.84,0.836,-1.4,-0.434,2.61,0.165,-0.114,1.31,2.17,1.65,1.36,1.54,-1.14,-5.41,4.17,0.0698,1.66,2.15,0.508,1.46,1.05
Jordan,,,,,,,,,,,,,,,,21,3.77,17.8,6.03,15.3,1.02,3.25,-2.13,4.23,-0.672,2.92,-0.941,-5.62,-17.1,-3.72,-3.41,12.2,-0.894,0.0542,2.08,-1.02,0.83,0.995,1.62,2.44,3.44,3.9,2.05,5.84,4.77,4.08,3.65,2.33,0.354,-2.83,-2.73,-2.71,-2.32,-1.54,-1.52,-1.19
Kazakhstan,,,,,,,,,,,,,,,,,,,,,,,,,,,,,,,-11.6,-5.23,-8.6,-11.3,-6.58,2.03,3.32,-0.192,3.68,10.1,13.7,9.8,8.93,8.84,8.73,9.54,7.66,2.05,-1.43,5.8,5.88,3.33,4.48,2.67,-0.27,-0.322
Kenya,-10.6,6.06,5.37,1.64,-1.26,11,-0.018,4.41,4.33,-7.92,17.9,13,2.12,0.321,-2.78,-1.57,5.45,2.98,3.63,1.66,-0.111,-2.3,-2.47,-2,0.514,3.35,2.22,2.55,1.17,0.766,-1.82,-3.92,-2.73,-0.438,1.36,1.18,-2.32,0.46,-0.472,-2.12,0.983,-2.16,0.167,2.28,3.05,3.59,3.95,-2.49,0.512,5.48,3.27,1.78,3.09,2.61,3,3.17
Kiribati,,,,,,,,,,,-3.88,10.4,19.2,43.2,3.84,-27.8,-6.01,-0.434,-12.9,-17.7,-4.58,5.46,-2.16,3.17,-8.72,-3.12,-11.5,6.27,-5.76,-2.99,-1.75,-0.565,-0.396,0.461,-1.36,0.178,0.0475,4.77,-3.22,4.44,-3.14,2.02,0.225,-3.42,2.92,-3.6,0.0257,-3.97,-1.83,-3.61,-1.45,3.26,3.91,-0.863,8.38,-0.617
Kuwait,,,,,,1.34,-7.19,-0.271,-5.62,-4.51,0.364,-2.13,-10.5,-14.8,-13.4,2.66,-5.96,1.19,7.6,-24.8,-23,-16.3,5.57,0.461,-8.84,2.82,2.2,-14.3,22.4,,,,,,,-0.695,-2.52,-3.17,-7.85,-0.0877,-2.07,1.34,16,8.81,6.76,2.97,0.651,-3.27,-12.6,-8.2,3,0.205,-4.55,-4.39,-3.33,0.563
Kyrgyz Republic,,,,,,,,,,,,,,,,,,,,,,,,,,,1.35,11.2,0.664,3.69,-9.35,-14.9,-15.5,-20.1,-6.36,5.51,8.32,0.567,2.13,4.18,4.33,-0.931,5.91,5.74,-1.3,2,7.51,7.38,1.65,-1.65,4.67,-1.74,8.74,1.96,1.76,1.73
Lao,,,,,,,,,,,,,,,,,,,,,,,,,2.18,1.95,-4.23,-4.82,10.9,3.7,1.4,2.69,3.14,5.49,4.57,4.66,4.77,2.07,5.45,4.05,4.09,4.33,4.5,4.76,5.44,6.85,5.78,6,5.76,6.89,6.55,6.65,6.71,6.27,5.86,5.53
Latvia,,,,,,,,,,,,,,,,,,,,,,,,,,,,,,,,,,,,3.52,10.1,7.53,3.46,6.43,7.85,8.35,9.48,9.52,11.9,12.9,10.9,-2.53,-13,-1.92,8.34,5.33,3.53,2.82,3.82,3.15
Lebanon,,,,,,,,,,,,,,,,,,,,,,,,,,,,,-42.6,25.3,35.7,1.93,4.08,5.32,4.47,3.85,-2.97,2.88,-1.8,-1.12,0.0225,-1.37,-1.76,1.48,-0.452,-0.208,8.57,9.81,8.16,4.2,-4.61,-4.06,-4.36,-3.95,-3.46,-0.635
Lesotho,0.117,13.3,8.59,6.22,0.203,-2.35,8.71,-2.37,-0.512,0.0965,2.98,-2.23,23.8,8.55,-15.5,8.31,18.7,15.2,0.209,-5.23,-1.82,1.9,-0.407,3.21,0.521,2.75,-0.961,6.86,4.07,4.2,4.97,4.86,1.49,4.03,1.58,4.07,2.38,0.382,-0.568,2.87,2.61,-0.142,3.7,0.87,2.63,3.38,3.95,5.8,1.18,4.96,5.68,4.69,0.524,1.76,1.16,1.04
Liberia,0.233,-0.863,0.0177,2.79,2.4,5.2,4.22,2.24,4.64,3.96,2.19,1.39,-4.9,1.85,-6.2,2.33,-1.26,1.81,0.121,-7.22,-5.59,-6.01,-5.21,-4.65,-2.36,-2.09,-0.513,-0.869,-25.5,-50.2,-12.7,-33.9,-32.2,-22.3,-7.06,6.1,91.6,20.4,13.6,21.9,-0.75,1.33,-31.3,0.676,2.54,4.38,5.26,2.76,1.2,2.43,4.96,5.12,6.05,-1.69,-2.42,-4.04
Libya,,,,,,,,,,,,,,,,,,,,,,,,,,,,,,,,,,,,,,,,2.1,-3.29,-2.52,11.2,2.84,10.2,4.89,4.77,1.26,-1.89,4.2,-62.2,,,,,
Liechtenstein,,,,,,,,,,,-0.488,-0.281,-0.187,-0.18,-0.288,2.6,2.56,2.57,2.76,3.06,3.38,-2.67,-0.4,3.34,6.05,2.99,8.14,4.53,3.34,1.04,0.539,2.24,2.86,5.3,4.27,5.23,5.5,6.04,8.77,1.84,-1.87,-2,-2.8,2.22,4.06,7.89,2.66,1.17,-1.78,,,,,,,
Lithuania,,,,,,,,,,,,,,,,,,,,,,,,,,,,,,,,,,,,5.95,9.1,8.25,-0.431,4.56,7.41,7.62,11.4,7.75,9.5,9.13,12.4,3.69,-13.9,3.79,8.47,5.23,4.55,4.43,3,3.65
Luxembourg,2.89,0.125,2.37,6.66,-1.86,0.381,-0.112,3.92,9.44,3.99,1.69,5.31,7.12,2.86,-7.59,2.03,1.39,3.89,2.11,0.483,-0.844,1.05,2.96,6.08,2.59,9.49,3.28,7.68,8.74,4.01,7.2,0.476,2.81,2.42,0.0173,0.0177,4.39,4.73,7.03,6.79,1.32,2.74,0.402,2.15,1.61,3.51,6.69,-3.03,-6.11,2.97,0.285,-2.72,1.29,3.31,0.463,0.885
"Macedonia, FYR",,,,,,,,,,,,,,,,,,,,,,,,,,,,,,,-6.03,-6.35,-7.25,-1.64,-1.19,0.87,0.925,2.74,3.7,4.01,-3.45,1.19,2,4.49,4.56,4.99,6.35,5.37,-0.441,3.28,2.26,-0.536,2.84,3.54,3.75,2.31
Madagascar,-0.378,-0.193,-3.35,1.4,-2.94,-0.511,2.84,4.07,1.01,2.48,1.14,-3.96,-5.29,-0.814,-1.56,-5.78,-0.512,-5.41,6.75,-2.05,-12.3,-4.6,-1.97,-1.17,-1.68,-0.884,-1.63,0.527,1.16,0.196,-9.01,-1.76,-0.917,-3.06,-1.37,-0.991,0.476,0.697,1.41,1.54,2.8,-15.3,6.52,2.16,1.56,2,3.22,4.11,-6.69,-2.5,-1.31,0.249,-0.482,0.563,0.375,1.42
Malawi,5.27,-1.58,-3.62,0.296,10.9,10.5,4.67,-4.36,3.2,-2.12,13.1,3.37,-0.511,4.17,3.05,1.88,1.7,6.36,1.27,-2.47,-7.75,0.0235,0.964,1.78,0.00048,-5.64,-4.57,-3,-3.76,1.85,6.43,-8.18,9.4,-10.6,15.4,5.19,1.07,0.762,-0.126,-1.39,-7.57,-0.991,2.94,2.6,0.389,1.66,6.34,4.39,5.06,3.69,1.76,-1.09,2.15,2.66,-0.153,-0.45
Malaysia,4.26,3.06,3.97,2.17,4.6,4.92,1.21,5.34,2.39,3.49,3.28,6.85,9.13,5.77,-1.61,8.82,5.05,3.95,6.61,4.81,4.4,3.48,3.76,5.12,-3.7,-1.66,2.33,6.69,5.9,5.97,6.64,6.12,7.18,6.52,7.1,7.24,4.63,-9.66,3.59,6.37,-1.66,3.21,3.69,4.72,3.34,3.63,7.45,1.47,-4.27,5.05,3.37,3.54,2.8,4.18,3.34,2.67
Maldives,,,,,,,,,,,,,,,,,,,,,,,,,,,,,,,,,,,,,,,,,,2.77,11.6,3.23,-15.4,22.8,4.93,6.63,-9.7,4.32,5.49,-0.422,4.26,4.48,-0.236,3.84
Mali,,,,,,,,2.37,-1.15,4.57,0.949,4.07,-3.17,-3.26,9.66,11.7,4.52,-3.18,8.41,-6.13,-0.514,-9.3,-0.286,-2.23,18.2,1.1,-1.53,5.91,2.56,-4.3,9.33,-5.57,0.484,1.03,-1.72,4.31,2.16,4.81,2.9,-2.83,12.1,0.0441,5.79,-1.61,3.15,1.27,0.0992,1.35,1.32,2.14,0.145,-3.72,-0.622,3.98,2.9,2.7
Malta,,,,,,,,,,,2.44,5.93,4.23,10.1,18.7,16.4,11.7,10,9.38,5.93,2.55,0.114,-2,0.921,0.799,2.16,3.4,7.53,7.13,5.26,3.43,3.62,3.44,4.67,5.6,3.1,4.46,4.44,4.1,6.08,-0.144,2.22,1.87,-0.229,3.12,1.46,3.62,2.68,-3.19,3.04,0.989,1.83,3.63,7.16,5.94,4.18
Marshall Islands,,,,,,,,,,,,,,,,,,,,,,0.311,10.3,-0.875,-10.6,18.7,4.31,3.12,-5.45,-0.545,-2.34,5.18,4.59,4.77,7.28,-11,-6.97,-3.28,-2.69,5.73,5.31,2.67,0.251,0.199,2.95,1.39,3.54,-1.8,-1.83,6.24,0.981,3.22,2.61,-0.954,-0.545,1.77
Mauritania,12.3,-2.15,-4.79,24,12.8,-2.66,0.575,7.01,-1.67,8.76,-1.09,-3.58,-7.32,8.95,-7.84,5.46,-4.66,-3.32,1.82,0.441,0.512,-5.12,0.797,-5.94,0.136,2.81,-0.879,-1.03,1.97,-4.39,-0.9,-0.801,3.07,-5.7,6.72,2.72,-6.93,-0.352,4.45,-3.39,-0.966,-2.23,2.97,2.77,5.91,15.5,-0.038,-1.73,-3.83,1.78,1.66,2.69,2.97,2.52,-1.47,-0.814
Mauritius,,,,,,,,,,,,,,,,,4.83,2.48,1.73,-11.6,4.32,4.22,-0.535,3.61,6.08,8.91,8.08,6.06,3.67,6.43,3.31,5.12,3.84,2.69,3.39,4.51,4.37,4.96,1.31,7.96,1.77,1.41,2.91,5.08,0.644,8.03,5.25,5.01,3.04,4.13,3.91,3.21,3.13,3.56,3.33,3.73
Mexico,1.75,1.43,4.78,8.48,3.84,2.9,2.69,6.15,0.282,3.21,0.5,4.8,4.47,2.54,2.65,1.5,0.624,6.16,6.99,6.63,6.27,-2.83,-6.25,1.44,0.498,-5.67,-0.129,-0.704,2.19,3.03,2.17,1.58,2.03,2.74,-7.46,4.06,5.21,3.07,1.15,3.83,-1.9,-1.1,0.189,2.97,1.63,3.4,1.59,-0.228,-6.22,3.49,2.5,2.52,-0.0525,0.882,1.29,0.963
"Micronesia, Fed. Sts.",,,,,,,,,,,,,,,,,,,,,,,,,,,-1.13,0.319,1.25,1.33,4.74,1.33,5.52,-2.53,5.59,-3.82,-6.2,3.21,1.78,4.94,2,0.771,2.11,-2.91,2.42,0.353,-1.4,-1.66,1.68,2.38,3.49,-2.02,-4.04,-2.45,4.51,-0.544
Moldova,,,,,,,,,,,,,,,,,,,,,,,,,,,,,,,,,,,,-5.69,2.02,-6.5,-3.22,2.32,6.34,8.05,6.9,7.67,7.76,5.09,3.24,8.01,-5.88,7.21,6.86,-0.687,9.43,4.86,-0.336,4.16
Monaco,,,,,,,,,,,4.18,3.21,4.86,2.81,-2.4,3.08,2.41,2.85,2.33,0.355,-0.634,0.727,-0.502,0.00026,0.569,1.73,2.02,4.37,3.89,2.2,0.384,0.555,-1.82,1.24,1.24,0.21,1.31,2.61,2.4,3,1.31,0.194,0.154,1.3,0.451,3.17,12.3,7.72,,,,,,,,
Mongolia,,,,,,,,,,,,,,,,,,,,,,5.65,3.19,3.22,2.92,6.36,0.557,2.27,1.68,-5.1,-10.1,-10.3,-4.01,1.36,5.56,1.42,3.05,2.47,2.18,0.249,2,3.71,5.89,9.4,6,7.22,8.82,7.39,-2.75,4.63,15.2,10.2,9.51,5.86,0.558,-0.446
Montenegro,,,,,,,,,,,,,,,,,,,,,,,,,,,,,,,,,,,,,,5.22,-9.15,3.28,0.694,1.49,2.09,4.22,4.04,8.43,10.5,3.31,-6,2.55,3.12,-2.81,3.45,1.69,3.33,2.93
Morocco,,,,,,,7.36,7.33,5.92,2.43,3.37,0.33,1.44,3.38,5.2,8.28,3.56,-0.232,2.24,1.12,-4.13,6.32,-1.03,3.96,3.65,6.95,-2.35,9.69,0.897,1.5,5.27,-3.84,-2.44,8.79,-6.85,10.8,-2.87,5.88,-0.157,0.681,6.03,1.89,4.7,3.56,2.08,6.33,2.33,4.68,2.96,2.47,3.8,1.54,3.01,1.19,3.08,-0.151
Mozambique,,,,,,,,,,,,,,,,,,,,,2.54,-8.97,-17.4,-7.93,-0.0161,-2.67,14.8,8.35,6.03,-0.434,2.24,-8.46,4.56,2.11,-1.28,23,7.83,9.02,5.08,-1.04,9.56,5.66,3.38,4.65,5.55,6.67,4.32,3.8,3.29,3.62,4.04,4.12,4.07,4.37,3.56,0.9
Myanmar,-1.65,1.9,10.9,-7.93,8.22,-7.05,-8.15,9.37,0.802,2.46,1.65,0.0113,-3.3,2.87,1.72,3.62,3.52,4.09,2.81,5.49,3.96,3.25,2.11,2.71,0.769,-2.97,-5.78,-12.9,2,1.27,-2.01,8.29,4.79,6.21,5.65,5.09,4.27,4.48,9.53,12.4,10.1,10.8,12.7,12.5,12.6,12.2,11.3,9.57,9.84,8.86,4.76,6.42,7.45,7,6.01,4.91
Namibia,,,,,,,,,,,,,,,,,,,,,-1.14,-2.48,-4.07,-2.94,-2.79,0.792,-0.801,-3.58,-2.42,-1.9,4.4,3.79,-4.5,-1.23,0.846,0.0995,1.11,0.349,0.728,1.25,-0.619,3.26,2.96,11,1.37,5.85,5.38,1.36,-1.14,4.28,3.08,2.82,3.22,3.91,3.61,-1.13
Nauru,,,,,,,,,,,,,,,,,,,,,,,,,,,,,,,,,,,,,,,,,,,,,,,,34.8,8.87,13.6,11.3,7.71,27.5,24.6,-2.32,5.54
Nepal,0.326,0.316,0.272,5.77,-2.88,5.15,-3.37,-1.22,2.45,0.554,-3.18,1.01,-2.55,4.09,-0.717,2.14,0.76,2.1,0.0829,-4.52,5.88,1.4,-5.21,7.18,3.75,2.26,-0.514,5.33,1.94,2.09,3.63,1.32,1.05,5.38,0.909,2.89,2.77,0.914,2.4,4.25,2.97,-1.53,2.34,3.2,2.14,2.17,2.33,5.06,3.5,3.72,2.27,3.56,2.88,4.72,2.12,-0.718
Netherlands,-1.01,5.33,2.24,6.84,7.16,1.41,4.09,5.32,5.2,4.39,3.08,2.49,4.58,2.63,-0.885,3.64,1.91,2.07,1.31,0.543,-1.46,-1.69,1.68,2.65,2.1,2.22,1.29,2.78,3.8,3.47,1.64,0.94,0.554,2.34,2.61,3.09,3.76,3.88,4.35,3.5,1.36,-0.533,-0.188,1.68,1.92,3.35,3.47,1.3,-4.26,0.884,1.19,-1.42,-0.484,1.06,1.81,1.67
New Zealand,,,,,,,,,,,,,,,,,,0.286,2.59,1.16,4.25,-0.0682,2.09,3.89,0.989,2.73,0.075,-0.635,-0.325,-0.77,-5.77,0.0618,5.19,3.75,3.21,2,0.705,-0.0774,4.9,2.3,2.84,2.87,2.51,2.41,2.14,1.56,1.93,-1.96,-1.3,0.405,1.49,1.69,1.67,1.85,0.515,0.913
Nicaragua,4.13,8.37,6.72,7.86,5.81,0.258,3.81,-1.66,3.07,-1.69,0.19,-0.871,3.19,10.7,-3.18,2.02,5.1,-10.6,-28.6,1.63,2.44,-3.5,1.87,-4.05,-6.41,-3.31,-2.91,-14.3,-3.8,-2.25,-2.36,-1.8,-2.54,1.19,3.81,4.34,2.1,1.94,5.31,2.5,1.47,-0.629,1.17,3.95,2.93,2.45,3.71,2.1,-4.52,3.12,5.03,5.24,3.72,3.6,3.68,3.55
Niger,1.62,7.15,6.3,-2.73,3.88,-3.2,-2.69,-2.43,-8.12,0.206,2.78,-7.76,-19.3,5.78,-5.5,-2.15,4.7,10.2,4.09,-5.01,-2.25,-1.27,-7.46,-19.2,4.68,3.36,-2.76,3.83,-2.04,-4.29,-0.719,-9.54,-1.91,0.489,-0.919,-0.189,-0.881,6.48,-4.12,-4.93,3.29,-0.663,1.55,-3.49,0.729,1.95,-0.624,5.56,-4.39,4.33,-1.52,7.61,1.3,3.48,0.046,1.09
Nigeria,-1.82,1.96,6.31,2.74,2.66,-6.29,-17.6,-3.4,21.4,22.2,11.6,0.955,2.85,8.34,-7.77,5.95,2.89,-8.59,3.62,1.27,-15.5,-3.6,-7.43,-4.47,5.58,-11.1,-13.1,4.75,3.72,9.89,-3.12,-2.07,-0.433,-1.57,-2.76,2.41,0.276,0.189,-2,2.71,1.82,1.2,7.59,30.4,0.805,5.42,4.05,3.49,4.13,5,2.12,1.52,2.61,3.52,-0.0222,-4.16
Norway,5.43,1.99,3,4.22,4.47,2.96,5.37,1.4,3.66,1.21,4.93,4.53,3.8,3.28,4.37,5.33,3.72,3.47,4.02,4.23,1.25,-0.132,3.63,5.75,5.24,3.67,1.28,-0.79,0.622,1.58,2.59,2.98,2.23,4.46,3.61,4.5,4.72,2.02,1.32,2.54,1.57,0.892,0.33,3.35,1.93,1.57,1.92,-0.764,-2.92,-0.555,-0.329,1.38,-0.17,0.832,0.929,0.205
Oman,,,,,,2.42,61.7,76.7,21.9,10.3,-2.49,5.95,-17.5,6.87,18.8,14.6,-4.2,-8.82,-1.31,0.292,10.7,5.56,10.6,11,8.88,-2.1,-6.94,2.29,7.71,-4.04,1.5,3.52,1.5,0.186,2.34,1.55,5.42,2.55,-0.26,4.79,3.26,-2.77,-4.75,-1.17,-0.224,2.45,1.32,4.42,1.55,-0.659,-7.09,2.16,-2.57,-3.92,-0.357,
Pakistan,3.51,1.97,6.01,4.87,7.61,3.06,2.65,4.41,2.71,8.39,-2.22,-1.9,4.14,0.649,1.22,2.06,0.822,4.73,0.501,6.69,4.41,3.03,3.25,1.61,4.1,2.13,3.1,4.32,1.84,1.46,2.17,4.85,-0.859,1.12,2.35,2.26,-1.45,0.0951,1.25,1.91,-0.234,1.05,2.68,5.18,5.48,4.03,2.72,-0.357,0.736,-0.485,0.611,1.34,2.21,2.51,2.61,3.38
Palau,,,,,,,,,,,,,,,,,,,,,,,,,,,,,,,,-8.87,-14.7,4.34,8.03,7.67,-0.139,-0.208,-7.18,-4.11,2.98,5.63,-6.82,6.64,0.797,-3.15,-0.569,-6.31,-9.65,2.36,4.44,3.06,-2.82,4.58,10.4,0.914
Palestine,,,,,,,,,,,,,,,,,,,,,,,,,,,,,,,,,,,2.43,-3.22,9.65,11.4,5.55,-10.9,-11.6,-14.7,11.1,7.56,8,-6.33,3.9,3.07,5.57,5.01,9.09,3.14,-0.788,-3.09,0.448,1.16
Panama,7.68,5.06,5.35,1.37,5.98,4.47,5.44,3.93,5.37,3.94,6.54,1.67,2.47,-0.317,-0.946,-0.96,-1.46,7.08,1.98,10.4,6.65,2.92,-6.66,0.416,2.63,1.32,-3.92,-15.2,-0.573,5.85,7.16,5.98,3.31,0.76,-0.311,1.97,4.31,5.19,1.86,0.71,-1.36,0.295,2.26,5.54,5.23,6.68,9.98,6.68,-0.193,3.91,9.86,7.34,4.8,4.27,4.04,3.2
Papua New Guinea,4.05,4.2,1.9,6.23,7.81,3.37,1.59,1.81,5.6,8.08,3.63,2.97,3.81,-0.0502,-3.49,-5.98,-1.9,5.58,-0.967,-5,-3.03,-2.42,0.385,-3.05,1.24,1.98,0.152,0.324,-3.88,-5.43,6.82,11,15.3,3.29,-5.76,4.98,-6.37,-6.25,-0.757,-4.98,-2.64,-2.65,-0.358,0.207,3.76,-0.165,8.46,-2.63,4.34,7.64,-1.13,2.38,1.61,10.2,6.93,0.305
Paraguay,4.14,0.621,1.99,1.49,3.39,-0.686,6.28,1.8,2.02,2.93,2.99,4.11,4.79,5.82,4.27,4.87,8.69,9.15,8.91,8.69,6.14,-4.19,-5.81,-0.122,1.56,2.02,4.6,3.03,4.08,1.41,0.868,-0.812,2.41,2.84,4.36,-0.717,1.95,-2.07,-3.41,-4.26,-2.74,-1.87,2.47,2.31,0.517,3.25,3.95,4.94,-5.23,11.6,2.95,-2.56,12.5,3.33,1.62,2.69
Peru,4.35,6.93,1.37,3.53,2.65,5.21,0.971,-2.6,0.699,0.587,1.82,0.771,3.52,6.55,1.58,-1.21,-2.28,-5.18,1.42,3.29,2.98,-2.59,-12.5,1.23,-0.265,6.96,7.28,-11.4,-14.2,-6.98,0.125,-2.53,3.21,10.2,5.54,1.11,4.82,-1.86,0.0593,1.29,-0.71,4.11,2.86,3.67,4.99,6.22,7.2,7.8,-0.157,6.96,4.95,4.74,4.44,1.01,1.92,2.58
Philippines,2.15,1.35,3.61,0.181,2.03,1.3,2.25,1.93,1.68,0.817,2.44,2.46,5.85,0.659,2.64,5.82,2.73,2.32,2.78,2.3,0.624,0.819,-0.871,-9.81,-9.78,0.673,1.56,3.97,3.49,0.45,-3.02,-2.08,-0.296,1.96,2.28,3.46,2.86,-2.74,0.864,2.19,0.732,1.5,2.85,4.62,2.84,3.4,4.84,2.48,-0.463,5.9,1.97,4.93,5.31,4.43,4.38,5.26
Poland,,,,,,,,,,,,,,,,,,,,,,,,,,,,,,,-7.34,2.2,3.47,5.07,6.81,5.98,6.39,4.58,4.65,5.66,1.28,2.09,3.63,5.2,3.54,6.25,7.09,4.24,2.75,3.9,4.96,1.61,1.45,3.36,3.91,2.91
Portugal,4.69,5.85,5.45,6.25,7.91,4.87,8.23,9.34,3.04,13.6,7.08,8.18,11.2,-0.258,-7.91,3.9,4.49,1.71,4.51,3.46,0.741,1.51,-0.635,-2.26,2.53,4.05,6.41,7.6,6.6,4.18,4.61,1.17,-2.16,0.694,3.92,3.11,3.96,4.26,3.3,3.06,1.23,0.218,-1.31,1.57,0.58,1.37,2.29,0.0549,-3.07,1.85,-1.68,-3.64,-0.586,1.44,2.24,1.94
Qatar,,,,,,,,,,,,,,,,,,,,,,,,,,,,,,,,,,,,,,,,,-0.248,2.41,-2.75,8.18,-5.68,8,0.208,0.75,-2.22,6.9,3.36,-3.13,-2.13,-1.45,-0.919,-1.29
Romania,,,,,,,,,,,,,,,,,,,,,,,,,,,,,,,-12.2,-7.94,1.67,4.08,7.36,4.17,-4.54,-1.88,-0.245,2.53,7.08,7.13,6.29,8.98,4.82,8.7,8.45,10.3,-6.29,-0.207,1.55,1.09,3.92,3.46,4.46,5.21
Russia,,,,,,,,,,,,,,,,,,,,,,,,,,,,,,-3.37,-5.26,-14.6,-8.56,-12.5,-4.17,-3.46,1.57,-5.14,6.73,10.5,5.54,5.23,7.78,7.61,6.78,8.51,8.72,5.29,-7.85,4.46,5.2,3.48,1.57,-1.04,-3.04,-0.408
Rwanda,-6.3,9.34,-11.3,-14.1,4.65,4.23,3.81,3.71,7.55,2.78,-1.77,-2.64,0.447,-1.58,-5.08,15.8,-1.26,5.6,8.17,5.29,1.98,-1.42,2.54,-7.63,0.339,0.739,-4.84,0.0685,-2.61,-2.67,0.0298,11.4,-2.25,-47.8,37,9.3,6.74,0.572,-3.05,2.52,4.55,10.4,0.512,5.73,7.28,6.68,4.95,8.17,3.42,4.47,5.03,6.09,2.09,4.96,6.21,3.37
Samoa,,,,,,,,,,,,,,,,,,,,,,,-0.191,0.716,3.43,5.14,0.219,-1.69,3.34,-4.93,-3.02,-1.1,3.08,-3.45,5.82,6.47,0.109,1.73,1.73,6.4,6.36,3.74,3.88,3.97,3.49,1.31,5.63,0.327,-5.48,-0.265,4.96,-0.409,-2.74,0.389,0.864,6.4
San Marino,,,,,,,,,,,,,,,,,,,,,,,,,,,,,,,,,,,,,,6.35,7.8,1.01,4.24,-0.939,2.52,3.24,1.07,2.54,5.83,0.398,-13.9,-5.84,-10.6,-8.74,-4.2,-1.96,-0.438,0.227
Sao Tome and Principe,,,,,,,,,,,,,,,,,,,,,,,,,,,,,,,,,,,,,,,,,0.992,0.0684,4.07,1.37,4.57,6.58,0.865,5.72,0.0877,4.25,2.05,0.836,2.49,4.16,1.56,1.87
Saudi Arabia,,,,,,,,,2.02,52.2,15.3,17.3,18.2,10.5,-13.5,11.9,1.72,-10.1,5.83,-0.432,-4.21,-25.6,-21.2,-10.2,-14.6,11.3,-10.9,8.41,-4.3,11.2,11.3,0.93,-4.02,-1.92,-2.06,0.514,-0.835,0.943,-5.72,3.24,-3.71,-5.49,8.04,4.83,2.59,-0.0247,-0.872,3.43,-4.71,2.11,6.83,2.34,-0.244,0.85,1.53,-0.524
Senegal,0.226,-2.84,-0.911,1.02,-1.49,-0.0102,-4.01,3.26,-9.25,5.38,-3.12,3.17,-8.4,1.21,4.62,6.16,-5.02,-6.23,4.39,-5.81,2.19,4.75,-8.13,0.631,0.171,0.00704,2.9,-3.59,0.848,-3.66,-0.525,-1.78,-1.67,-2.84,2.54,-0.574,0.63,3.4,3.84,0.713,2,-1.89,3.94,3.12,2.85,-0.247,2.14,0.876,-0.408,1.23,-1.18,1.34,0.402,1.03,3.39,3.73
Serbia,,,,,,,,,,,,,,,,,,,,,,,,,,,,,,,,,,,,2.53,7.49,2.82,-11.8,8.1,5.17,7.21,4.64,9.3,5.86,5.32,6.32,5.82,-2.73,0.99,2.21,-0.534,3.07,-1.37,1.26,3.34
Seychelles,-7.52,5.57,7.37,3.3,-3.51,11.1,-1.94,4.98,-2.35,6.36,13.5,3.78,7.4,-0.524,0.819,13.9,-8.14,20.4,14.8,-5.12,-9.32,-1.7,-1.59,3.89,10.2,-0.797,0.0648,5,10.5,6.47,1.4,6.67,4.01,-3.41,-2.27,3.39,10.7,6.3,-0.109,0.612,-2.36,-1.83,-4.82,-2.49,8.5,7.15,9.86,-4.31,-1.49,3.04,10.8,5.57,4.11,1.72,1.22,3.11
Sierra Leone,0.406,3.05,0.199,5.07,5.53,0.107,-1.57,0.329,6.63,6.62,1.45,-1.16,0.0889,1.25,-0.586,-2.69,-2.25,0.0302,2.07,2.37,0.497,2.4,-4.36,1.54,-7.81,-1.68,3.98,-9.73,-1.56,1.85,1.76,-18.9,1.94,-1.41,-7.81,1.57,-6.38,0.658,-3.84,3.7,-10.6,20.7,4.28,1.72,0.3,2.09,5.06,2.84,2.25,2.94,2.39,12.6,18,2.23,-22.2,4.02
Singapore,4.58,4.2,7.24,-6.12,5.01,8.15,9.83,11.7,12,12.1,10,11.4,9.07,4.71,3.09,6,6.01,7.4,8.05,8.64,5.49,2.57,7.14,6.76,-0.823,1.42,9.1,8.33,7,5.85,3.69,3.92,8.75,7.5,3.83,3.25,4.72,-5.49,5.25,7.03,-3.59,3.26,5.99,8.19,4.99,5.51,4.66,-3.49,-3.56,13.2,4.03,1.35,3.31,2.24,0.73,0.682
Slovak Republic,,,,,,,,,,,,,,,,,,,,,,,,,,,,,,,,,1.51,5.79,5.53,6.53,5.87,3.87,-0.307,1.35,3.51,4.56,5.49,5.28,6.74,8.45,10.8,5.54,-5.55,4.94,2.69,1.48,1.38,2.65,3.75,3.19
Slovenia,,,,,,,,,,,,,,,,,,,,,,,,,,,,,,,,,,,,3.58,5.26,3.51,5.2,3.85,2.79,3.71,2.78,4.28,3.82,5.32,6.35,3.14,-8.63,0.797,0.441,-2.87,-1.27,2.88,2.18,3.07
Solomon Islands,,,,,,,,,,,,,,,,,,,,,,,,,,,,,,,3.06,9.55,1.07,6.14,5.21,-1.21,-4.16,-1,-3.18,-16.6,-10.4,-5.35,3.76,2.25,2.83,4.38,4.81,4.65,-6.87,4.52,10.5,2.4,0.824,-0.608,1.62,0.939
Somalia,-5.26,4.84,0.629,-8.13,-8.01,6.48,3.16,-0.596,-3.84,2.85,1.87,9.95,-2.82,-21,21.6,-10.5,9.57,-7.58,-11.5,-10,1.73,2.34,-9.08,3.44,7.46,1.92,3.14,-2.6,-2,-2.8,,,,,,,,,,,,,,,,,,,,,,,,,,
South Africa,1.16,3.4,4.55,5.08,3.31,1.66,4.35,1.38,1.9,2.39,1.42,-1.15,1.7,3.24,-0.992,-0.38,-2.6,0.463,1.22,3.96,2.7,-2.92,-4.32,2.53,-3.52,-2.19,-0.0434,2.06,0.248,-2.49,-3.28,-4.43,-1.13,0.933,0.986,2.34,0.863,-1.1,0.798,2.63,1.28,2.25,1.6,3.26,4.04,4.44,4.26,2.12,-2.62,1.81,1.94,0.796,1.02,0.26,-0.0783,-1.02
South Korea,3.76,0.912,6.19,6.63,4.49,9.2,6.6,10.6,12,7.62,8.3,5.16,12.8,7.6,6.06,11.3,10.5,9.1,6.99,-3.22,5.52,6.6,11.6,9.09,6.69,10.1,11.4,10.8,5.98,8.73,9.27,5.08,5.77,8.11,8.47,6.57,4.93,-6.15,10.5,8.02,3.73,6.81,2.4,4.48,3.7,4.63,4.93,2.05,0.191,5.97,2.89,1.76,2.43,2.69,2.25,2.36
South Sudan,,,,,,,,,,,,,,,,,,,,,,,,,,,,,,,,,,,,,,,,,,,,,,,,,0.615,1.34,-8.12,-47.9,9.49,0.205,-9.12,
Spain,10.8,8.95,8.64,4.27,5.11,6.15,3.06,5.21,7.84,3.14,3.4,6.96,6.6,4.47,-0.539,2.22,1.79,0.491,-0.837,1.39,-0.84,0.64,1.28,1.36,1.95,2.95,5.27,4.87,4.66,3.68,2.29,0.436,-1.54,1.9,2.3,2.25,3.26,3.88,4.06,4.82,3.28,1.44,1.34,1.4,1.99,2.43,1.87,-0.483,-4.42,-0.445,-1.35,-2.99,-1.38,1.68,3.51,3.19
Sri Lanka,,1.41,0.143,1.49,0.13,2.53,3.91,3.32,5.27,1.59,-0.776,-2.36,5.04,1.92,4.17,1.44,3.18,3.76,4.57,4.11,4.06,2.6,3.32,3.62,3.52,2.87,0.288,1.05,0.933,5.06,3.35,3.22,5.78,4.61,4.64,3.09,5.8,4.17,3.75,5.36,-2.23,3.17,5.08,4.59,5.41,6.87,6.04,5.23,2.87,7.36,7.78,8.56,2.59,4.02,3.86,3.21
St. Kitts and Nevis,,,,,,,,,,,,,,,,,,4.95,8.08,8.9,1.68,0.977,1.77,9.26,9.34,11.4,7.24,10.3,6.15,4.94,-2.58,3.4,5.77,4,4.48,4.71,5.74,-1.72,2.22,9.35,4.05,1.15,-4.97,2.17,7.34,0.573,-1.33,5.13,-4.08,-3.31,1.29,-1.71,5.07,4.84,2.92,1.22
St. Lucia,,,,,,,,,,,,,,,,,,9.4,2.17,-3.78,4.94,0.604,3.38,6.18,6.98,13.2,2.16,12.1,7.26,6.02,-1.03,6.69,-0.836,0.418,0.454,1.54,-2.2,4.92,1.36,-1.34,-4.7,-0.504,3.92,6.8,-1.38,5.74,0.843,3.98,-1.84,-0.773,2.66,-1.23,-0.302,-1.33,1.58,0.47
St. Vincent and the Grenadines,3.01,2.37,-7.34,2.57,-0.172,-1.02,-10.4,5.46,1.82,9.6,1.86,24.4,-12.1,-9.83,-8.62,9.2,12.1,8.68,2.39,1.51,3.71,3.63,1.39,5.81,5.43,4.88,-0.224,13.4,0.886,3.74,0.846,6.19,4.17,-1.28,7.77,1.33,3.57,4.17,2.75,1.62,1.62,6.17,7.49,3.96,2.31,7.53,-1.71,6.55,-2.18,-3.41,-0.443,1.39,1.84,1.2,1.28,1.68
Sudan,-2.58,4.08,-5.46,-3.82,3.82,-6.29,-1.47,-0.981,-1.57,2.8,-0.79,-7.92,-2.42,8,12.1,12.9,2.77,-9.02,-8.17,-1.86,3.82,2.39,-1.32,-8.03,-9.11,2.42,11.1,-2.92,6.15,-7.89,4.75,3.84,1.86,-1.64,3.19,3.08,7.57,1.45,0.264,3.41,3.55,3.47,4.76,1.05,4.61,7.17,8.64,5.05,0.614,0.835,7.89,12.8,1.96,0.263,2.44,2.24
Suriname,,,,,,,,,,,,,,,,-3.23,10.2,7.49,-6.2,-5.37,0.104,-2.21,-3.38,-4.52,-2.86,-4.93,-15.7,6.62,8.77,-2.44,0.865,-1.98,-8.82,1.59,-0.427,-0.146,4.36,0.331,-2.03,-1.21,3.38,3.15,4.86,8.08,3.46,2.74,4,3.04,1.93,4.07,4.76,1.64,1.9,-0.73,-3.53,-6.02
Swaziland,,,,,,,,,,,10.6,2.38,5.81,2.59,10.5,-5.09,-2.09,-1.79,-0.0258,9.09,11.3,-1.67,-1.73,2.78,0.0962,7.81,9.75,2.08,8.54,17,-1.03,0.901,1.1,0.471,2.75,1.62,0.82,0.403,1.02,0.242,-0.0245,3.61,3.26,2.9,4.96,4.61,2.79,-0.959,-0.308,1.88,0.377,2.8,4.47,0.0703,-1.43,-0.449
Sweden,5.18,3.69,4.74,6.03,2.85,1.12,2.58,3.06,4.27,5.06,0.252,1.99,3.79,2.9,2.15,0.691,-1.95,1.46,3.61,1.49,0.334,1.19,1.85,4.13,1.99,2.45,3.01,2.09,1.97,-0.0208,-1.82,-1.74,-2.63,3.35,3.48,1.36,2.84,4.17,4.45,4.57,1.29,1.74,2.01,3.91,2.41,4.1,2.64,-1.33,-5.99,5.09,1.89,-1.02,0.387,1.59,3.42,1.95
Switzerland,,,,,,,,,,,,,,,,,,,,,1.05,-1.88,0.208,2.64,3.22,1.33,0.949,2.52,3.49,2.62,-2.15,-1.14,-1.03,0.466,-0.188,0.097,2.09,2.68,1.21,3.35,0.673,-0.592,-0.7,2.07,2.46,3.34,3.19,0.865,-3.44,1.94,0.568,-0.0608,0.688,1.21,0.0806,0.286
Syria,7.35,20.6,-11.5,5.79,-0.991,-10.7,4.72,0.319,14.8,-7.01,6.23,20.8,-11.6,19.9,15.5,7.28,-4.53,5.13,0.157,8.16,5.7,-1.47,-2.13,-7.37,2.57,-8.02,-1.29,9.8,-11.7,4.48,4.79,10.3,2.26,4.68,2.83,1.5,-1.03,3.44,-6.05,0.271,2.97,3.91,-1.29,4.55,3.37,1.56,1.84,,,,,,,,,
Tajikistan,,,,,,,,,,,,,,,,,,,,,,,,,,0.199,-4.4,10.3,-9.2,-3.12,-9.11,-30.3,-17.8,-22.5,-13.7,-17.9,0.248,3.77,2.12,6.53,8.27,8.73,8.82,8.07,4.5,4.76,5.51,5.58,1.53,4.15,5,5.09,5,4.34,3.69,4.62
Tanzania,,,,,,,,,,,,,,,,,,,,,,,,,,,,,0.613,3.69,-1.24,-2.75,-2.13,-1.64,0.499,1.66,0.837,1.11,2.2,2.22,3.17,4.24,3.89,4.73,4.99,1.51,5.14,2.29,2.1,3.05,4.57,1.91,3.98,3.7,3.7,3.72
Thailand,2.27,4.39,4.81,3.67,4.98,7.85,5.43,4.98,3.47,8.21,1.91,1.35,7.21,1.69,2.3,6.68,7.3,7.85,3.13,3.01,3.82,3.36,3.65,3.84,2.77,3.63,7.55,11.3,10.4,9.62,7.28,7,7.27,7.01,7.05,4.49,-3.89,-8.73,3.38,3.37,2.49,5.27,6.39,5.56,3.51,4.33,4.84,1.19,-1.19,6.99,0.36,6.75,2.28,0.511,2.58,2.93
Timor-Leste,,,,,,,,,,,,,,,,,,,,,,,,,,,,,,,,,,,,,,,,,13.6,-9.83,-5.98,-2.63,3.39,-7.84,9.73,12.8,11.6,8.38,5.84,2.73,0.241,1.74,1.72,3.36
Togo,11,2.79,3.78,12.2,12.3,5.38,0.871,0.148,5.98,-1.38,-3.21,4.66,1.32,2.46,0.153,-4.2,4.66,8.55,-7.55,11.3,-6.45,-6.99,-8.89,1.72,1.9,-1.77,-2.67,3.43,1.11,-2.89,-3.14,-6.18,-17,12.3,5.06,5.76,10.9,-5.32,-0.633,-3.67,-4.35,-3.56,2.23,-0.523,-1.47,1.3,-0.432,-0.502,0.752,1.24,2.11,2.07,1.26,3.15,2.59,2.43
Tonga,,,,,,,,,,,,,,,,,,,,,,4.49,1.88,1.66,6.43,1.91,2.72,-2.18,0.113,-2.27,6.21,0.0809,3.58,4.75,3.45,-0.294,-0.499,2.29,3.4,2.85,3.05,2.82,1.49,-0.964,0.944,-1.44,-4.79,2.45,1.7,3.06,2.35,0.531,-3.47,1.63,3.14,2.65
Trinidad and Tobago,11.8,1.03,4.12,6.35,-0.315,3.21,1.38,4.59,2.03,2.64,-0.0556,4.43,0.223,2.3,0.0296,4.94,7.64,8.52,2.14,-2.53,2.59,2.14,-11.7,-7.14,-5.37,-4.35,-5.46,-4.69,-1.54,0.821,2.01,-2.25,-2,3.08,4.27,6.85,7.33,7.96,7.83,6.63,3.81,7.48,13.9,7.41,5.68,12.7,4.26,2.91,-4.84,2.82,-0.794,0.781,2.15,-1.03,-0.988,-2.62
Tunisia,,,,,,1.38,-1.94,8.03,2.46,2.39,8.16,15.2,-2.82,5.7,4.77,5.46,1.08,3.98,3.99,4.67,2.66,-3.29,1.71,2.82,2.85,-3.91,4.17,-2.21,-0.521,5.57,1.62,5.48,0.0766,1.2,0.584,5.5,4,3.51,4.9,3.68,2.88,0.515,3.91,5.41,2.62,4.28,5.65,3.14,1.92,2.36,-3.02,2.8,1.68,1.63,-0.0148,0.0201
Turkey,-1.27,3.06,6.49,2.97,0.404,8.6,2.28,4.28,1.64,0.804,3.07,4.88,0.823,3.12,4.7,7.95,1.1,-0.747,-2.83,-4.63,2.5,1.23,2.63,4.4,2.08,4.89,7.4,0.448,-1.49,7.38,-0.967,3.32,5.93,-6.18,6.18,5.69,5.89,0.712,-4.87,5.03,-7.36,4.88,4.1,8.14,7.57,5.77,3.77,-0.361,-5.91,7.01,9.47,3.16,6.75,3.47,4.4,1.57
Turkmenistan,,,,,,,,,,,,,,,,,,,,,,,,,,,,8.27,-6.71,31.8,-7.25,-17.4,-1.31,-19.4,-9.25,4.72,-12.8,5.68,15.1,4.3,3.25,-0.742,2.25,3.94,11.8,9.69,9.69,13.2,4.57,7.5,12.8,9.12,8.18,8.28,4.6,4.38
Tuvalu,,,,,,,,,,,,,,,,,,,,,,,,,,,,,,,3.04,2.16,3.58,9.88,-5.42,-6.23,9.75,15.1,-1.97,-1.76,0.651,6.51,-4.64,-2.62,-5.06,1.03,5.25,6.97,-5.36,-3.56,7.46,-0.732,0.418,1.4,1.77,1.85
Uganda,,,,,,,,,,,,,,,,,,,,,,,2.57,-3.43,-6.42,-2.97,0.379,4.49,2.68,2.85,2.03,0.0227,4.83,3.02,8.04,5.72,1.91,1.71,4.71,-0.146,1.73,5.08,2.85,3.15,2.7,7.01,4.73,5.02,3.19,2.08,5.72,0.368,0.147,1.64,1.75,1.27
Ukraine,,,,,,,,,,,,,,,,,,,,,,,,,,,,2.11,3.37,-6.56,-8.6,-9.96,-14.3,-22.6,-11.5,-9.2,-2.11,-1.02,0.745,6.97,10.3,6.25,10.3,13,3.46,8.03,8.55,2.86,-14.4,4.61,5.85,0.487,0.201,-1.14,-9.44,2.72
United Arab Emirates,,,,,,,,,,,,,,,,-0.156,5.02,-13.6,8.25,13.1,-2.67,-12.1,-9.57,-1.14,-8.62,-19.6,-2.48,-8.21,5.93,11.7,-4.76,-2.43,-4.28,1.33,1.45,0.77,3.02,-4.59,-2.26,4.99,-3.82,-2.86,1.98,0.293,-6.4,-4.04,-10.5,-9.53,-14.8,-5.79,1.43,2.41,4.55,2.55,2.88,1.75
United Kingdom,1.8,0.472,3.18,4.36,2.13,1.49,1.76,3.48,1.63,6.17,3.05,3.95,6.3,-2.52,-1.47,2.94,2.48,4.2,3.65,-2.14,-0.806,2.05,4.19,2.11,3.96,2.89,5.08,5.51,2.3,0.431,-1.39,0.103,2.28,3.62,2.2,2.28,3.77,2.84,2.87,3.29,2.15,2.03,2.85,1.78,2.39,1.71,1.56,-1.25,-4.91,0.9,0.663,0.778,1.37,2.28,1.54,1.21
United States,0.618,4.48,2.91,4.34,5.08,5.28,1.39,3.76,2.1,2.01,2,4.14,4.64,-1.42,-1.18,4.39,3.56,4.45,2.04,-1.2,1.59,-2.84,3.68,6.33,3.32,2.56,2.54,3.26,2.71,0.775,-1.4,2.13,1.4,2.77,1.5,2.6,3.24,3.24,3.49,2.94,-0.0185,0.846,1.93,2.83,2.4,1.68,0.815,-1.23,-3.62,1.68,0.847,1.46,0.968,1.81,2.11,0.785
Uruguay,1.18,-2.79,-1.02,1.28,-0.0474,1.99,-4.61,0.983,5.1,1.8,-0.551,-1.43,0.252,2.82,5.87,3.52,0.899,4.68,5.46,5.13,0.893,-10.3,-10.9,-1.78,0.818,8.12,7.32,0.848,0.453,-0.38,2.81,7.15,1.9,6.5,-2.16,4.82,7.79,3.85,-2.45,-2.28,-4.01,-7.75,0.87,5.05,7.41,3.93,6.26,6.82,3.87,7.43,4.81,3.2,4.29,2.89,0.0196,1.09
Uzbekistan,,,,,,,,,,,,,,,,,,,,,,,,,,,,6.5,0.625,-1.03,-2.59,-13.3,-4.5,-7.04,-2.67,-0.227,3.24,2.63,3.18,2.37,2.89,2.73,2.99,6.46,5.76,6,8.37,7.26,6.29,5.48,5.43,6.62,6.33,5.99,6.13,5.94
Vanuatu,,,,,,,,,,,,,,,,,,,,-13.7,1.61,8.1,11.3,7.13,-1.3,-2.39,-5.1,-4,-0.942,8.82,0.305,-0.359,-2.13,6.14,-1.41,0.204,3,2.5,-1.47,3.79,-5.64,-7.39,1.67,1.35,2.67,5.8,2.63,3.9,0.875,-0.741,-1.11,-0.553,-0.31,0.0745,-2.96,1.77
Venezuela,-0.647,4.47,0.0346,7.07,0.469,-1.99,-0.613,3.85,-2.46,4.44,-1.5,-1.59,4.14,-0.735,0.0702,4.76,3.35,-0.458,-1.97,-6.99,-3,-4.64,-6.26,-1.18,-2.38,3.78,0.946,3.17,-10.8,3.93,7.19,3.68,-1.91,-4.43,1.79,-2.23,4.25,-1.66,-7.77,1.74,1.49,-10.5,-9.39,16.2,8.44,8.04,6.98,3.6,-4.71,-2.98,2.64,4.11,-0.0768,-5.21,,
Vietnam,,,,,,,,,,,,,,,,,,,,,,,,,1.43,0.469,1.28,2.83,5.04,2.86,3.74,6.42,5.94,6.83,7.68,7.66,6.64,4.42,3.54,5.6,5.07,5.26,5.88,6.53,6.55,5.99,6.14,4.66,4.37,5.33,5.1,4.07,4.22,4.78,5.51,5.09
Yemen,,,,,,,,,,,,,,,,,,,,,,,,,,,,,,,1.22,2.82,-1.13,1.82,1.34,0.889,1.9,2.95,0.898,3.23,0.894,1.03,0.853,1.09,2.69,0.354,0.53,0.844,1.07,4.82,-15,-0.311,2.09,-2.74,-29.9,-12
Zambia,-1.72,-5.51,0.0444,8.71,13,-8.47,4.63,-1.86,-3.56,1.41,-3.41,5.49,-4.37,2.76,-5.62,2.62,-7.77,-2.81,-6.27,-0.419,2.6,-6.07,-5.21,-3.55,-1.55,-2.3,-0.314,3.28,-3.73,-3.13,-2.61,-4.2,4.13,-11,0.184,3.31,0.89,-3.23,1.69,1.02,2.47,1.72,4.12,4.21,4.38,5.02,5.44,4.84,6.19,7.16,2.5,4.41,1.92,1.56,-0.146,0.545
Zimbabwe,2.93,-1.83,2.82,-4.28,1.57,-1.67,4.99,-1.21,8.88,18.6,5.34,4.72,-0.82,3.13,-5.05,-2.61,-9.63,-5.63,0.0347,10.5,8.47,-1.22,-2.29,-5.61,3.03,-1.51,-2.3,4.07,2.03,4.04,2.91,-11.1,-1.01,7.16,-1.64,8.46,0.999,1.3,-2.23,-4.31,0.259,-9.87,-17.9,-6.87,-6.9,-4.82,-5.14,-19.1,9.97,10.4,13,12.3,3.12,-0.24,-0.668,-1.71
